Year,Units,Series,Value
2014,Total,13220,0.000421
2015,Total,13220,0.00049
