{"data":{"Year":[2014,2015],"Units":["Total","Total"],"Series":["13220","13220"],"Value":[0.000421,0.00049]},"edges":[]}