Year,Value,Units,Series
2014,0.000421,Total,13220
2015,0.00049,Total,13220
